"","grado_importancia","porcentaje_contratos_cerrado_media","porcentaje_contratos_cerrado_mediana","porcentaje_contratos_adicion_media","porcentaje_contratos_adicion_mediana","entidades_media","entidades_mediana","contratistas_media","contratistas_mediana","contratos_media","contratos_mediana"
"1",1,0.0592293964920535,0.00344767877387336,0.16486939135573,0.0727066780484602,7.88095238095238,6,1305.21428571429,350.5,4028.61904761905,776
"2",2,0.238054345119791,0,0.104014544134325,0.0294736842105263,2.27540983606557,2,261.859016393443,169,643.508196721311,340
"3",3,0.250249072422071,0,0.0570605985121755,0,1.54777070063694,1,118.248407643312,71,293.366242038217,131
"4",4,0.351435849335046,0,0.0609202743505509,0,1.38360655737705,1,103.265573770492,76,226.518032786885,136
"5",5,0.319790004377931,0,0.0628748599389109,0,1.44822485207101,1,83.3594674556213,60.5,175.32100591716,102
"6",6,0.333645444264588,0,0.0466258558079281,0,1.34400948991696,1,65.514827995255,49,127.604982206406,77
"7",7,0.382526644366411,0.00552175235777308,0.0400193824514927,0,1.52676399026764,1,46.6824817518248,36,90.2408759124088,51
"8",NA,0.228731884057971,0.166666666666667,0.0559561191626409,0.0740740740740741,17.8,18,32.8,32,33.4,32
